Date,Adjusted Close
1986-12-01,11.322845796262659
1987-01-01,11.384416463996548
1987-02-01,11.732290736693036
1987-03-01,12.10171474309639
1987-04-01,12.420342948619275
1987-05-01,12.603515685127604
1987-06-01,13.032971092571499
1987-07-01,13.691777237324137
1987-08-01,13.4270233660684
1987-09-01,13.741033771511248
1987-10-01,10.474709848228303
1987-11-01,9.508050364806206
1987-12-01,9.778961302835327
1988-01-01,9.911338238463195
1988-02-01,10.390050180094201
1988-03-01,10.497798848628511
1988-04-01,10.854908721485085
1988-05-01,10.95342178985931
1988-06-01,11.424437398023581
1988-07-01,11.732290736693036
1988-08-01,11.281285595542284
1988-09-01,11.875442539174335
1988-10-01,12.241788012190991
1988-11-01,12.02629067512237
1988-12-01,12.263337745897852
1989-01-01,13.382384631961331
1989-02-01,12.951389957824091
1989-03-01,13.487054767108948
1989-04-01,13.808761506018529
1989-05-01,13.987316442446817
1989-06-01,14.221284979835604
1989-07-01,15.20025859680448
1989-08-01,15.765169473262935
1989-09-01,15.531200935874148
1989-10-01,14.358279715543512
1989-11-01,14.909337191761841
1989-12-01,15.691284671982269
1990-01-01,15.406520333713017
1990-02-01,15.055567527629837
1990-03-01,15.343410399285778
1990-04-01,14.87085552442816
1990-05-01,16.049933811532185
1990-06-01,16.30391281593449
1990-07-01,16.336237416494782
1990-08-01,14.506049318104852
1990-09-01,12.852876889449863
1990-10-01,13.40701289905489
1990-11-01,13.408552165748237
1990-12-01,13.291567897053843
1991-01-01,13.453190899855306
1991-02-01,15.006310993442723
1991-03-01,15.642028137795153
1991-04-01,15.76824800664963
1991-05-01,16.183850013853398
1991-06-01,15.654342271341934
1991-07-01,16.16076101345319
1991-08-01,16.443986085029092
1991-09-01,16.28082381553428
1991-10-01,15.986823877104944
1991-11-01,15.311085798725486
1991-12-01,15.39266693347289
1992-01-01,16.17769294708001
1992-02-01,16.477849952282728
1992-03-01,16.022227011051932
1992-04-01,17.04583936212788
1992-05-01,17.416802635224578
1992-06-01,16.403965151002062
1992-07-01,15.424991534033184
1992-08-01,14.75233198904042
1992-09-01,15.092509928270168
1992-10-01,15.132530862297198
1992-11-01,15.745159006249423
1992-12-01,16.277745282147585
1993-01-01,16.28082381553428
1993-02-01,17.010436228180893
1993-03-01,17.552258104239137
1993-04-01,17.492226703198593
1993-05-01,17.832404642428347
1993-06-01,18.611273589262076
1993-07-01,19.81036234337961
1993-08-01,20.71391189237447
1993-09-01,20.204414616876516
1993-10-01,21.315765169473263
1993-11-01,21.131053166271588
1993-12-01,22.901209863620966
1994-01-01,23.98177508235077
1994-02-01,22.771911461379794
1994-03-01,21.811409044731086
1994-04-01,22.536403657297658
1994-05-01,21.491241572514852
1994-06-01,20.74007942616138
1994-07-01,21.85604777883816
1994-08-01,22.44558692239017
1994-09-01,21.161838500138536
1994-10-01,21.51433057291506
1994-11-01,21.540498106701964
1994-12-01,21.43121017147431
1995-01-01,20.90939876242958
1995-02-01,20.929409229443085
1995-03-01,20.897084628882794
1995-04-01,21.651325308622972
1995-05-01,22.524089523750888
1995-06-01,22.419419388603266
1995-07-01,23.369146938398547
1995-08-01,23.661607610134528
1995-09-01,23.88941908074992
1995-10-01,23.783209678908968
1995-11-01,24.398916356247884
1995-12-01,25.11467536865437
1996-01-01,26.09364898562324
1996-02-01,26.189083520610772
1996-03-01,26.550811193547393
1996-04-01,27.4820675430225
1996-05-01,27.60982667857033
1996-06-01,27.746821414278237
1996-07-01,26.69858079610873
1996-08-01,27.53902041067635
1996-09-01,28.705784564233596
1996-10-01,29.015177169596395
1996-11-01,30.672967398331433
1996-12-01,31.337930609857462
1997-01-01,33.39593017886279
1997-02-01,34.684296401194466
1997-03-01,35.38004494658744
1997-04-01,36.325154696302675
1997-05-01,37.601206785087584
1997-06-01,39.90087122494844
1997-07-01,43.675153157035986
1997-08-01,40.799802973863244
1997-09-01,43.83369762645076
1997-10-01,40.60277683711479
1997-11-01,42.0189021949943
1997-12-01,44.24160330018778
1998-01-01,46.769079210664025
1998-02-01,49.936890065572754
1998-03-01,54.234522673398374
1998-04-01,54.420773943293405
1998-05-01,55.73530769941198
1998-06-01,56.697333990087124
1998-07-01,57.194532524705224
1998-08-01,49.59517285964966
1998-09-01,45.13591724902256
1998-10-01,48.18520456854355
1998-11-01,51.99488963457808
1998-12-01,53.56648092848567
1999-01-01,55.30739155866144
1999-02-01,55.66142289813133
1999-03-01,57.19915032478527
1999-04-01,60.25151617769294
1999-05-01,58.30280454391527
1999-06-01,60.06988270787796
1999-07-01,58.49983068066373
1999-08-01,60.05910784102451
1999-09-01,59.16787242557644
1999-10-01,61.79078287104023
1999-11-01,66.67333682233783
1999-12-01,74.00332481605761
2000-01-01,70.40451928701165
2000-02-01,75.35941877289659
2000-03-01,77.058769202352
2000-04-01,76.92177446664408
2000-05-01,74.71600529507741
2000-06-01,74.14493735184557
2000-07-01,75.37481143983005
2000-08-01,77.92999415078656
2000-09-01,74.51436135824892
2000-10-01,76.65086352861495
2000-11-01,71.802173444571
2000-12-01,71.16645630021857
2001-01-01,71.69596404273004
2001-02-01,66.37625835052181
2001-03-01,63.89034264076594
2001-04-01,68.08792291352398
2001-05-01,68.35267678477972
2001-06-01,65.94218514299786
2001-07-01,63.500908167349074
2001-08-01,59.77280423606194
2001-09-01,53.527999261151976
2001-10-01,55.79226056706584
2001-11-01,58.162731274820665
2001-12-01,60.03140104054428
2002-01-01,58.91543268786749
2002-02-01,58.482898747036906
2002-03-01,61.31053166271588
2002-04-01,58.96622848874795
2002-05-01,56.84665825200874
2002-06-01,51.85789489887017
2002-07-01,46.51817873964843
2002-08-01,46.496629005941564
2002-09-01,39.96090262598897
2002-10-01,43.741341624849916
2002-11-01,45.72853492596128
2002-12-01,41.806483391312376
2003-01-01,38.90804420773942
2003-02-01,37.49807591663331
2003-03-01,36.548348366838034
2003-04-01,40.578148570021234
2003-05-01,41.113813379306094
2003-06-01,42.56072407105255
2003-07-01,44.337037835175316
2003-08-01,45.228273250623396
2003-09-01,43.61204322260874
2003-10-01,46.74137241018379
2003-11-01,47.17544561770772
2003-12-01,48.4638118400394
2004-01-01,49.870701597758824
2004-02-01,51.376104423852475
2004-03-01,50.30169627189606
2004-04-01,51.022073084382605
2004-05-01,50.91124588246159
2004-06-01,51.78862789766954
2004-07-01,50.87584274851461
2004-08-01,50.43715174091063
2004-09-01,51.362251023612345
2004-10-01,51.94101530031092
2004-11-01,53.372533325123904
2004-12-01,54.3946064095065
2005-01-01,55.67681556506479
2005-02-01,57.39771572822707
2005-03-01,57.1221869901179
2005-04-01,56.0708678385617
2005-05-01,58.8538620201336
2005-06-01,60.89031185543206
2005-07-01,62.943693624357344
2005-08-01,63.08222762675861
2005-09-01,65.90986054243757
2005-10-01,64.36905458239694
2005-11-01,66.53788135332327
2005-12-01,68.90681279438473
2006-01-01,71.3958070375273
2006-02-01,73.00126219868854
2006-03-01,74.73447649539759
2006-04-01,75.44099990764398
2006-05-01,71.96533571406582
2006-06-01,72.55025705753778
2006-07-01,73.82784841301603
2006-08-01,76.0074500507958
2006-09-01,77.57442354462334
2006-10-01,80.32509312563494
2006-11-01,80.14038112243325
2006-12-01,83.237385709448
2007-01-01,84.9844534063972
2007-02-01,83.31434904411537
2007-03-01,85.70944801896377
2007-04-01,89.00501800942031
2007-05-01,91.86651479235293
2007-06-01,91.35239971677491
2007-07-01,88.25231659637348
2007-08-01,87.52270418372686
2007-09-01,88.02296585906473
2007-10-01,90.5673737031678
2007-11-01,86.51140596619769
2007-12-01,85.20456854354585
2008-01-01,75.33171197241634
2008-02-01,74.6959948280639
2008-03-01,71.91761844657205
2008-04-01,76.40304159098604
2008-05-01,76.88175353261705
2008-06-01,69.19773419942739
2008-07-01,67.9155250438691
2008-08-01,69.15463473201366
2008-09-01,61.52141119970445
2008-10-01,53.4048579256842
2008-11-01,49.784502662931374
2008-12-01,47.91121509712772
2009-01-01,46.24418926823261
2009-02-01,41.949619801126744
2009-03-01,42.927069544069205
2009-04-01,49.054890250284764
2009-05-01,51.46230335867992
2009-06-01,51.002047224702146
2009-07-01,55.790721300372496
2009-08-01,58.679924883785375
2009-09-01,60.339254379213735
2009-10-01,58.99393528922821
2009-11-01,59.7035372348613
2009-12-01,63.43162577348151
2010-01-01,61.73075146999969
2010-02-01,61.555275066958096
2010-03-01,66.19000708062678
2010-04-01,65.5327402025675
2010-05-01,62.30181941323153
2010-06-01,62.000123141335465
2010-07-01,65.1294523289105
2010-08-01,64.22898131330233
2010-09-01,66.43628975156234
2010-10-01,68.08638364683064
2010-11-01,67.16898069759566
2010-12-01,70.79857156050856
2011-01-01,71.95302158051904
2011-02-01,73.73087461133515
2011-03-01,71.19570236739216
2011-04-01,73.6154296093341
2011-05-01,73.53538774128005
2011-06-01,71.545115906782
2011-07-01,69.61333620663115
2011-08-01,62.46498168272634
2011-09-01,59.600406366407036
2011-10-01,64.20125912015516
2011-11-01,63.48705476710894
2011-12-01,64.70307545485329
2012-01-01,67.39679216821105
2012-02-01,70.19363975002308
2012-03-01,70.13976541575593
2012-04-01,68.98223686235876
2012-05-01,64.82159899024104
2012-06-01,68.09715851368406
2012-07-01,70.93248776282978
2012-08-01,72.43942985561678
2012-09-01,73.15826740140996
2012-10-01,73.7324138780285
2012-11-01,75.3501831727365
2012-12-01,76.46615152541328
2013-01-01,78.61650709601945
2013-02-01,79.51697811162761
2013-03-01,80.82227626758613
2013-04-01,82.16297755749159
2013-05-01,83.8392389865468
2013-06-01,79.589308253548
2013-07-01,83.73302958470585
2013-08-01,83.30201951790167
2013-09-01,87.0655419758027
2013-10-01,90.48887110180708
2013-11-01,91.41858818458884
2013-12-01,92.36215866761073
2014-01-01,90.83212757442354
2014-02-01,95.36988578641134
2014-03-01,94.61718437336452
2014-04-01,96.09794353969767
2014-05-01,98.5977280423606
2014-06-01,98.08207370008925
2014-07-01,96.47815780562138
2014-08-01,98.44072283963918
2014-09-01,98.84093217990947
2014-10-01,97.1231105501339
2014-11-01,100.29399993842934
2014-12-01,99.01179078287103
2015-01-01,106.19246990733612
2015-02-01,113.60865683588337
2015-03-01,115.51272973555399
2015-04-01,115.62817473755503
2015-05-01,117.5584151710125
2015-06-01,112.28334821291133
2015-07-01,116.79032109103221
2015-08-01,107.17913985777173
2015-09-01,102.82609364898562
2015-10-01,111.13659452636763
2015-11-01,114.26438444724934
2015-12-01,108.51830188098388
2016-01-01,101.60699442785456
2016-02-01,99.36428285564756
2016-03-01,100.75577994643352
2016-04-01,102.5197795770095
2016-05-01,105.07958008804604
2016-06-01,100.0
2016-06-07,100.0
2016-06-08,99.60240173339844
2016-06-09,98.6729965209961
2016-06-10,96.1803970336914
2016-06-13,93.0719985961914
2016-06-14,93.0719985961914
2016-06-15,93.69100189208984
2016-06-16,92.96800231933594
2016-06-17,94.00299835205078
2016-06-20,97.70700073242188
2016-06-21,98.14600372314453
2016-06-22,98.48600006103516
2016-06-23,99.69100189208984
2016-06-24,92.76300048828125
2016-06-27,89.33699798583984
2016-06-28,91.6969985961914
2016-06-29,94.61599731445312
2016-06-30,95.83399963378906
2016-07-01,96.78099822998047
2016-07-04,96.18000030517578
2016-07-05,94.48600006103516
2016-07-06,92.83399963378906
2016-07-07,94.05799865722656
2016-07-08,95.5479965209961
2016-07-11,96.98899841308594
2016-07-12,97.8270034790039
2016-07-13,98.16699981689453
2016-07-14,98.7770004272461
2016-07-15,98.6259994506836
2016-07-18,99.18800354003906
2016-07-19,98.63300323486328
2016-07-20,100.11199951171875
2016-07-21,100.03500366210938
2016-07-22,100.0250015258789
2016-07-25,100.23400115966797
2016-07-26,100.45800018310547
2016-07-27,100.79299926757812
2016-07-28,99.81400299072266
2016-07-29,100.36000061035156
2016-08-01,99.93000030517578
2016-08-02,98.85399627685547
2016-08-03,98.6510009765625
2016-08-04,99.33899688720703
2016-08-05,100.09400177001953
2016-08-08,100.02999877929688
2016-08-09,101.26100158691406
2016-08-10,100.98200225830078
2016-08-11,102.03700256347656
2016-08-12,101.79299926757812
2016-08-15,101.7979965209961
2016-08-16,101.11900329589844
2016-08-17,100.10900115966797
2016-08-18,101.3270034790039
2016-08-19,100.51799774169922
2016-08-22,100.77300262451172
2016-08-23,101.63600158691406
2016-08-24,101.6500015258789
2016-08-25,100.81600189208984
2016-08-26,101.18900299072266
2016-08-29,100.86199951171875
2016-08-30,101.06600189208984
2016-08-31,100.33899688720703
2016-09-01,100.54499816894531
2016-09-02,102.38600158691406
2016-09-05,102.48300170898438
2016-09-06,102.41799926757812
2016-09-07,102.6050033569336
2016-09-08,101.93599700927734
2016-09-09,100.71299743652344
2016-09-12,99.9739990234375
2016-09-13,99.34600067138672
2016-09-14,99.38300323486328
2016-09-15,99.9739990234375
2016-09-16,99.44200134277344
2016-09-19,100.30799865722656
2016-09-20,100.47000122070312
2016-09-21,100.65299987792969
2016-09-22,102.15399932861328
2016-09-23,101.26899719238281
2016-09-26,99.95500183105469
2016-09-27,100.14700317382812
2016-09-28,100.74800109863281
2016-09-29,100.63300323486328
2016-09-30,100.72100067138672
2016-10-03,100.86399841308594
2016-10-04,101.91400146484375
2016-10-05,100.96800231933594
2016-10-06,100.4209976196289
2016-10-07,99.22200012207031
2016-10-10,100.03800201416016
2016-10-11,99.427001953125
2016-10-12,99.06500244140625
2016-10-13,98.22599792480469
2016-10-14,99.302001953125
2016-10-17,98.51499938964844
2016-10-18,99.1719970703125
2016-10-19,99.6729965209961
2016-10-20,99.61000061035156
2016-10-21,99.91400146484375
2016-10-24,99.50599670410156
2016-10-25,98.90899658203125
2016-10-26,98.875
2016-10-27,98.94999694824219
2016-10-28,98.38999938964844
2016-10-31,98.17400360107422
2016-11-01,97.35099792480469
2016-11-02,96.24199676513672
2016-11-03,96.10199737548828
2016-11-04,95.23500061035156
2016-11-07,96.15299987792969
2016-11-08,96.30699920654297
2016-11-09,96.86000061035156
2016-11-10,95.55500030517578
2016-11-11,95.21399688720703
2016-11-14,94.74400329589844
2016-11-15,95.63600158691406
2016-11-16,95.6760025024414
2016-11-17,96.4540023803711
2016-11-18,96.18399810791016
2016-11-21,96.44599914550781
2016-11-22,96.75199890136719
2016-11-23,96.78700256347656
2016-11-24,97.18299865722656
2016-11-25,97.66799926757812
2016-11-28,97.24400329589844
2016-11-29,97.72000122070312
2016-11-30,97.7040023803711
2016-12-01,97.03500366210938
2016-12-02,96.9520034790039
2016-12-05,97.04100036621094
2016-12-06,97.66999816894531
2016-12-07,98.10600280761719
2016-12-08,98.79499816894531
2016-12-09,99.78600311279297
2016-12-12,99.33799743652344
2016-12-13,100.50499725341797
2016-12-14,100.16000366210938
2016-12-15,100.96199798583984
2016-12-16,101.51499938964844
2016-12-19,101.58300018310547
2016-12-20,101.6760025024414
2016-12-21,101.552001953125
2016-12-22,101.36199951171875
2016-12-23,101.69300079345703
2016-12-27,101.88700103759766
2016-12-28,102.25199890136719
2016-12-29,102.0530014038086
2016-12-30,102.05799865722656
2017-01-02,103.2760009765625
2017-01-03,103.54900360107422
2017-01-04,103.3239974975586
2017-01-05,103.28299713134766
2017-01-06,103.2750015258789
2017-01-09,102.85099792480469
2017-01-10,102.572998046875
2017-01-11,103.13999938964844
2017-01-12,102.46499633789062
2017-01-13,103.4219970703125
2017-01-16,102.75599670410156
2017-01-17,102.80799865722656
2017-01-18,103.05500030517578
2017-01-19,103.01000213623047
2017-01-20,102.88700103759766
2017-01-23,102.63300323486328
2017-01-24,102.25599670410156
2017-01-25,103.79399871826172
2017-01-26,104.43699645996094
2017-01-27,104.32499694824219
2017-01-30,103.2509994506836
2017-01-31,102.45099639892578
2017-02-01,103.3740005493164
2017-02-02,103.14800262451172
2017-02-03,103.55799865722656
2017-02-06,102.81700134277344
2017-02-07,103.4749984741211
2017-02-08,103.95500183105469
2017-02-09,104.5250015258789
2017-02-10,104.84400177001953
2017-02-13,105.46600341796875
2017-02-14,105.35099792480469
2017-02-15,105.24199676513672
2017-02-16,105.56099700927734
2017-02-17,105.52899932861328
2017-02-20,105.94000244140625
2017-02-21,106.73300170898438
2017-02-22,106.78800201416016
2017-02-23,106.97599792480469
2017-02-24,105.96299743652344
2017-02-27,105.73899841308594
2017-02-28,105.7969970703125
2017-03-01,106.84300231933594
2017-03-02,107.09300231933594
2017-03-03,106.89700317382812
2017-03-06,106.51899719238281
2017-03-07,106.32499694824219
2017-03-08,106.34200286865234
2017-03-09,106.4000015258789
2017-03-10,106.19599914550781
2017-03-13,106.79299926757812
2017-03-14,106.63700103759766
2017-03-15,106.91400146484375
2017-03-16,107.61199951171875
2017-03-17,107.94100189208984
2017-03-20,107.65499877929688
2017-03-21,107.5739974975586
2017-03-22,107.14299774169922
2017-03-23,108.27799987792969
2017-03-24,108.4010009765625
2017-03-27,107.93599700927734
2017-03-28,108.47799682617188
2017-03-29,108.65599822998047
2017-03-30,109.31300354003906
2017-03-31,109.93800354003906
2017-04-03,109.3550033569336
2017-04-04,109.66899871826172
2017-04-05,109.9000015258789
2017-04-06,109.88200378417969
2017-04-07,110.12799835205078
2017-04-10,110.2509994506836
2017-04-11,110.17500305175781
2017-04-12,110.8489990234375
2017-04-13,110.75
2017-04-18,109.54199981689453
2017-04-19,109.63899993896484
2017-04-20,109.71099853515625
2017-04-21,109.56700134277344
2017-04-24,110.82499694824219
2017-04-25,110.7760009765625
2017-04-26,111.38099670410156
2017-04-27,111.85700225830078
2017-04-28,111.62100219726562
2017-05-02,112.39099884033203
2017-05-03,112.29199981689453
2017-05-04,112.83200073242188
2017-05-05,113.48600006103516
2017-05-08,113.49700164794922
2017-05-09,114.05699920654297
2017-05-10,114.28700256347656
2017-05-11,113.16500091552734
2017-05-12,113.70099639892578
2017-05-15,113.37999725341797
2017-05-16,113.42500305175781
2017-05-17,112.00399780273438
2017-05-18,111.88999938964844
2017-05-19,112.5
2017-05-22,112.5510025024414
2017-05-23,113.12799835205078
2017-05-24,113.35900115966797
2017-05-25,112.78500366210938
2017-05-26,112.302001953125
2017-05-29,112.27200317382812
2017-05-30,112.56800079345703
2017-05-31,112.1729965209961
2017-06-01,112.70700073242188
2017-06-02,112.6510009765625
2017-06-05,112.21600341796875
2017-06-06,111.55400085449219
2017-06-07,111.61799621582031
2017-06-08,111.68000030517578
2017-06-09,111.66500091552734
2017-06-12,110.63099670410156
2017-06-13,111.46499633789062
2017-06-14,111.56600189208984
2017-06-15,110.91699981689453
2017-06-16,111.86499786376953
2017-06-19,112.40599822998047
2017-06-20,111.78099822998047
2017-06-21,111.6520004272461
2017-06-22,111.44599914550781
2017-06-23,111.52899932861328
2017-06-26,111.54499816894531
2017-06-27,110.22899627685547
2017-06-28,110.08599853515625
2017-06-29,108.37699890136719
2017-06-30,108.5790023803711
2017-07-03,109.08899688720703
2017-07-04,108.82599639892578
2017-07-05,109.13700103759766
2017-07-06,108.18299865722656
2017-07-07,108.03600311279297
2017-07-10,108.72000122070312
2017-07-11,107.62699890136719
2017-07-12,109.45099639892578
2017-07-13,110.072998046875
2017-07-14,110.33599853515625
2017-07-17,110.76969909667969
2017-07-18,109.63349914550781
2017-07-19,110.60299682617188
2017-07-20,110.38619995117188
2017-07-21,109.57569885253906
2017-07-24,109.16100311279297
2017-07-25,108.9520034790039
2017-07-26,110.06600189208984
2017-07-27,109.81800079345703
2017-07-28,109.05500030517578
2017-07-31,109.12999725341797
2017-08-01,110.01799774169922
2017-08-02,109.60800170898438
2017-08-03,109.4749984741211
2017-08-04,110.36299896240234
2017-08-07,110.02300262451172
2017-08-08,110.19300079345703
2017-08-09,109.9489974975586
2017-08-10,109.10900115966797
2017-08-11,107.91799926757812
2017-08-14,109.03399658203125
2017-08-15,108.91999816894531
2017-08-16,109.63600158691406
2017-08-17,109.37200164794922
2017-08-18,108.59600067138672
2017-08-21,108.23699951171875
2017-08-22,108.68199920654297
2017-08-23,107.91500091552734
2017-08-24,107.96800231933594
2017-08-25,107.86699676513672
2017-08-28,107.14600372314453
2017-08-29,105.9739990234375
2017-08-30,106.80500030517578
2017-08-31,108.08100128173828
2017-09-01,108.70600128173828
2017-09-04,108.15599822998047
2017-09-05,108.25499725341797
2017-09-06,108.3479995727539
2017-09-07,108.89199829101562
2017-09-08,108.68499755859375
2017-09-11,109.63899993896484
2017-09-12,109.92500305175781
2017-09-13,110.00900268554688
2017-09-14,110.28099822998047
2017-09-15,109.7750015258789
2017-09-18,110.16000366210938
2017-09-19,110.38600158691406
2017-09-20,110.27799987792969
2017-09-21,109.83200073242188
2017-09-22,109.93599700927734
2017-09-25,110.68900299072266
2017-09-26,110.38500213623047
2017-09-27,110.33999633789062
2017-09-28,110.9000015258789
2017-09-29,111.1050033569336
2017-10-02,111.6500015258789
2017-10-03,111.73999786376953
2017-10-04,111.3030014038086
2017-10-05,111.44000244140625
2017-10-06,110.98999786376953
2017-10-09,111.32499694824219
2017-10-10,111.55000305175781
2017-10-11,111.46199798583984
2017-10-12,111.68900299072266
2017-10-13,112.27100372314453
2017-10-16,112.10299682617188
2017-10-17,111.427001953125
2017-10-18,111.6449966430664
2017-10-19,111.04000091552734
2017-10-20,111.29499816894531
2017-10-23,111.62999725341797
2017-10-24,111.01000213623047
2017-10-25,110.76000213623047
2017-10-26,111.66400146484375
2017-10-27,112.33499908447266
2017-10-30,113.14700317382812
2017-10-31,113.68800354003906
2017-11-01,113.84500122070312
2017-11-02,113.11499786376953
2017-11-03,113.48500061035156
2017-11-06,113.98999786376953
2017-11-07,113.67500305175781
2017-11-08,113.63999938964844
2017-11-09,111.14600372314453
2017-11-10,110.7699966430664
2017-11-13,109.9540023803711
2017-11-14,109.37899780273438
2017-11-15,108.58100128173828
2017-11-16,109.71800231933594
2017-11-17,109.72200012207031
2017-11-20,110.7239990234375
2017-11-21,111.0790023803711
2017-11-22,110.99600219726562
2017-11-23,110.66100311279297
2017-11-24,110.19499969482422
2017-11-27,109.55999755859375
2017-11-28,110.14800262451172
2017-11-29,110.03700256347656
2017-11-30,109.63600158691406
2017-12-01,109.50800323486328
2017-12-04,110.3290023803711
2017-12-05,110.1969985961914
2017-12-06,110.05699920654297
2017-12-07,110.09100341796875
2017-12-08,110.55999755859375
2017-12-11,110.37100219726562
2017-12-12,111.25399780273438
2017-12-13,111.13200378417969
2017-12-14,111.16500091552734
2017-12-15,110.87200164794922
2017-12-18,112.447998046875
2017-12-19,111.97200012207031
2017-12-20,111.79399871826172
2017-12-21,112.35600280761719
2017-12-22,112.63099670410156
2017-12-27,112.99800109863281
2017-12-28,112.71600341796875
2017-12-29,112.68099975585938
2018-01-02,112.76000213623047
2018-01-03,113.23500061035156
2018-01-04,114.04399871826172
2018-01-05,115.39099884033203
2018-01-08,115.26399993896484
2018-01-09,115.73300170898438
2018-01-10,114.68699645996094
2018-01-11,114.53500366210938
2018-01-12,115.17400360107422
2018-01-15,115.43800354003906
2018-01-16,115.6050033569336
2018-01-17,115.39800262451172
2018-01-18,115.28500366210938
2018-01-19,115.79900360107422
2018-01-22,116.14800262451172
2018-01-23,116.54399871826172
2018-01-24,115.83000183105469
2018-01-25,115.19000244140625
2018-01-26,115.9800033569336
2018-01-29,115.30000305175781
2018-01-30,114.04000091552734
2018-01-31,114.0
2018-02-01,113.77999877929688
2018-02-02,111.95999908447266
2018-02-05,110.4000015258789
2018-02-06,107.63999938964844
2018-02-07,109.76000213623047
2018-02-08,107.76000213623047
2018-02-09,106.13999938964844
2018-02-12,107.5999984741211
2018-02-13,107.0199966430664
2018-02-14,108.22000122070312
2018-02-15,109.12000274658203
2018-02-16,110.36000061035156
2018-02-19,109.54000091552734
2018-02-20,110.19999694824219
2018-02-21,110.27999877929688
2018-02-22,110.58000183105469
2018-02-23,111.18000030517578
2018-02-26,111.77999877929688
2018-02-27,111.4000015258789
2018-02-28,110.37999725341797
2018-03-01,108.87999725341797
2018-03-02,106.9000015258789
2018-03-05,108.22000122070312
2018-03-06,108.69999694824219
2018-03-07,108.9000015258789
2018-03-08,109.77999877929688
2018-03-09,110.63999938964844
2018-03-12,110.9800033569336
2018-03-13,109.9800033569336
2018-03-14,109.55999755859375
2018-03-15,110.13999938964844
2018-03-16,110.37999725341797
2018-03-19,109.63999938964844
2018-03-20,110.08000183105469
2018-03-21,110.4800033569336
2018-03-22,108.87999725341797
2018-03-23,108.73999786376953
2018-03-26,108.05999755859375
2018-03-27,109.04000091552734
2018-03-28,109.30000305175781
2018-03-29,109.5199966430664
2018-04-03,108.9800033569336
2018-04-04,108.36000061035156
2018-04-05,110.69999694824219
2018-04-06,110.66000366210938
2018-04-09,110.68000030517578
2018-04-10,111.73999786376953
2018-04-11,111.5199966430664
2018-04-12,112.12000274658203
2018-04-13,112.22000122070312
2018-04-16,111.94000244140625
2018-04-17,113.19999694824219
2018-04-18,113.87999725341797
2018-04-19,114.0
2018-04-20,113.95999908447266
2018-04-23,114.41999816894531
2018-04-24,114.4000015258789
2018-04-25,113.66000366210938
2018-04-26,115.13999938964844
2018-04-27,115.31999969482422
2018-04-30,115.37999725341797
2018-05-02,116.73999786376953
2018-05-03,116.4800033569336
2018-05-04,116.95999908447266
2018-05-07,118.41999816894531
2018-05-08,118.9000015258789
2018-05-09,119.41999816894531
2018-05-10,119.5
2018-05-11,119.76000213623047
2018-05-14,119.69999694824219
2018-05-15,119.80000305175781
2018-05-16,120.33999633789062
2018-05-17,121.16000366210938
2018-05-18,121.44000244140625
2018-05-21,121.45999908447266
2018-05-22,121.66000366210938
2018-05-23,120.04000091552734
2018-05-24,120.04000091552734
2018-05-25,119.91999816894531
2018-05-28,119.33999633789062
2018-05-29,118.37999725341797
2018-05-30,118.9800033569336
2018-05-31,118.9800033569336
2018-06-01,120.27999877929688
2018-06-04,120.37999725341797
2018-06-05,120.68000030517578
2018-06-06,121.27999877929688
2018-06-07,120.76000213623047
2018-06-08,120.0199966430664
2018-06-11,120.73999786376953
2018-06-12,120.9800033569336
2018-06-13,121.37999725341797
2018-06-14,122.9800033569336
2018-06-15,121.36000061035156
2018-06-18,120.87999725341797
2018-06-19,120.05999755859375
2018-06-20,119.9000015258789
2018-06-21,119.13999938964844
2018-06-22,120.5
2018-06-25,117.81999969482422
2018-06-26,117.87999725341797
2018-06-27,118.9000015258789
2018-06-28,117.5199966430664
2018-06-29,118.36000061035156
2018-07-02,117.19999694824219
2018-07-03,117.76000213623047
2018-07-04,117.55999755859375
2018-07-05,117.86000061035156
2018-07-06,118.0999984741211
2018-07-09,119.0
2018-07-10,119.91999816894531
2018-07-11,118.36000061035156
2018-07-12,119.31999969482422
2018-07-13,119.58000183105469
2018-07-16,119.04000091552734
2018-07-17,119.33999633789062
2018-07-18,119.66000366210938
2018-07-19,119.0999984741211
2018-07-20,119.4800033569336
2018-07-23,118.94000244140625
2018-07-24,119.87999725341797
2018-07-25,119.86000061035156
2018-07-26,120.5999984741211
2018-07-27,120.63999938964844
2018-07-30,119.91999816894531
2018-07-31,119.95999908447266
2018-08-01,119.12000274658203
2018-08-02,117.73999786376953
2018-08-03,119.04000091552734
2018-08-06,119.04000091552734
2018-08-07,119.36000061035156
2018-08-08,119.0199966430664
2018-08-09,119.4800033569336
2018-08-10,118.44000244140625
2018-08-13,118.4000015258789
2018-08-14,118.19999694824219
2018-08-15,116.5999984741211
2018-08-16,117.16000366210938
2018-08-17,116.76000213623047
2018-08-20,117.27999877929688
2018-08-21,117.72000122070312
2018-08-22,117.9800033569336
2018-08-23,117.73999786376953
2018-08-24,117.95999908447266
2018-08-27,118.44000244140625
2018-08-28,118.62000274658203
2018-08-29,118.86000061035156
2018-08-30,118.68000030517578
2018-08-31,117.68000030517578
2018-09-03,118.05999755859375
2018-09-04,116.94000244140625
2018-09-05,115.13999938964844
2018-09-06,114.4000015258789
2018-09-07,114.4000015258789
2018-09-10,115.19999694824219
2018-09-11,115.12000274658203
2018-09-12,115.73999786376953
2018-09-13,115.4000015258789
2018-09-14,115.94000244140625
2018-09-17,115.9000015258789
2018-09-18,115.91999816894531
2018-09-19,115.66000366210938
2018-09-20,116.23999786376953
2018-09-21,116.86000061035156
2018-09-24,116.77999877929688
2018-09-25,117.66000366210938
2018-09-26,117.44000244140625
2018-09-27,118.13999938964844
2018-09-28,117.12000274658203
2018-10-01,117.9800033569336
2018-10-02,117.95999908447266
2018-10-03,118.58000183105469
2018-10-04,116.23999786376953
2018-10-05,114.62000274658203
2018-10-08,112.91999816894531
2018-10-09,113.12000274658203
2018-10-10,109.9800033569336
2018-10-11,108.5999984741211
2018-10-12,109.31999969482422
2018-10-15,109.4000015258789
2018-10-16,111.5199966430664
2018-10-17,111.18000030517578
2018-10-18,110.86000061035156
2018-10-19,109.63999938964844
2018-10-22,109.55999755859375
2018-10-23,106.9000015258789
2018-10-24,107.0199966430664
2018-10-25,107.22000122070312
2018-10-26,106.4800033569336
2018-10-29,107.04000091552734
2018-10-30,107.33999633789062
2018-10-31,109.63999938964844
2018-11-01,110.19999694824219
2018-11-02,111.0
2018-11-05,110.23999786376953
2018-11-06,110.23999786376953
2018-11-07,111.13999938964844
2018-11-08,110.66000366210938
2018-11-09,109.94000244140625
2018-11-12,108.86000061035156
2018-11-13,109.69999694824219
2018-11-14,108.77999877929688
2018-11-15,107.54000091552734
2018-11-16,107.58000183105469
2018-11-19,106.41999816894531
2018-11-20,104.91999816894531
2018-11-21,106.36000061035156
2018-11-22,105.86000061035156
2018-11-23,106.45999908447266
2018-11-26,107.76000213623047
2018-11-27,107.54000091552734
2018-11-28,107.80000305175781
2018-11-29,108.26000213623047
2018-11-30,108.22000122070312
2018-12-03,110.16000366210938
2018-12-04,109.26000213623047
2018-12-05,107.94000244140625
2018-12-06,104.9000015258789
2018-12-07,106.05999755859375
2018-12-10,103.9000015258789
2018-12-11,105.4800033569336
2018-12-12,107.27999877929688
2018-12-13,107.22000122070312
2018-12-14,106.63999938964844
2018-12-17,105.31999969482422
2018-12-18,104.08000183105469
2018-12-19,104.72000122070312
2018-12-20,102.77999877929688
2018-12-21,103.22000122070312
2018-12-24,103.22000122070312
2018-12-27,101.58000183105469
2018-12-28,102.9800033569336
2018-12-31,105.23999786376953
2019-01-02,104.19999694824219
2019-01-03,102.69999694824219
2019-01-04,106.13999938964844
2019-01-07,106.76000213623047
2019-01-08,107.62000274658203
2019-01-09,108.13999938964844
2019-01-10,108.30000305175781
2019-01-11,108.63999938964844
2019-01-14,107.62000274658203
2019-01-15,107.81999969482422
2019-01-16,108.45999908447266
2019-01-17,108.5999984741211
2019-01-18,110.5999984741211
2019-01-21,110.31999969482422
2019-01-22,110.31999969482422
2019-01-23,110.66000366210938
2019-01-24,111.5999984741211
2019-01-25,111.81999969482422
2019-01-28,110.68000030517578
2019-01-29,111.81999969482422
2019-01-30,112.08000183105469
2019-01-31,111.9000015258789
2019-02-01,112.19999694824219
2019-02-04,112.45999908447266
2019-02-05,114.5
2019-02-06,114.0999984741211
2019-02-07,112.9000015258789
2019-02-08,112.5199966430664
2019-02-11,113.4000015258789
2019-02-12,113.4800033569336
2019-02-13,114.0
2019-02-14,114.13999938964844
2019-02-15,114.5199966430664
2019-02-18,114.55999755859375
2019-02-19,114.31999969482422
2019-02-20,115.12000274658203
2019-02-21,115.13999938964844
2019-02-22,115.95999908447266
2019-02-25,115.5999984741211
2019-02-26,116.36000061035156
2019-02-27,115.63999938964844
2019-02-28,115.66000366210938
2019-03-01,116.5999984741211
2019-03-04,117.16000366210938
2019-03-05,116.86000061035156
2019-03-06,116.63999938964844
2019-03-07,116.63999938964844
2019-03-08,115.91999816894531
2019-03-11,116.33999633789062
2019-03-12,116.0999984741211
2019-03-13,117.12000274658203
2019-03-14,118.05999755859375
2019-03-15,118.66000366210938
2019-03-18,118.62000274658203
2019-03-19,119.5199966430664
2019-03-20,118.72000122070312
2019-03-21,119.05999755859375
2019-03-22,118.08000183105469
2019-03-25,117.37999725341797
2019-03-26,118.68000030517578
2019-03-27,117.94000244140625
2019-03-28,117.72000122070312
2019-03-29,119.18000030517578
2019-04-01,119.95999908447266
2019-04-02,120.95999908447266
2019-04-03,121.81999969482422
2019-04-04,121.26000213623047
2019-04-05,122.13999938964844
2019-04-08,121.55999755859375
2019-04-09,120.69999694824219
2019-04-10,121.45999908447266
2019-04-11,121.5999984741211
2019-04-12,121.16000366210938
2019-04-15,121.33999633789062
2019-04-16,121.27999877929688
2019-04-17,121.63999938964844
2019-04-18,121.63999938964844
2019-04-23,122.23999786376953
2019-04-24,121.80000305175781
2019-04-25,121.9800033569336
2019-04-26,121.9000015258789
2019-04-29,121.4800033569336
2019-04-30,121.83999633789062
2019-05-02,120.30000305175781
2019-05-03,121.44000244140625
2019-05-06,119.87999725341797
2019-05-07,119.04000091552734
2019-05-08,119.26000213623047
2019-05-09,117.5999984741211
2019-05-10,118.37999725341797
2019-05-13,116.63999938964844
2019-05-14,118.0199966430664
2019-05-15,118.83999633789062
2019-05-16,120.26000213623047
2019-05-17,119.83999633789062
2019-05-20,119.08000183105469
2019-05-21,119.76000213623047
2019-05-22,119.9800033569336
2019-05-23,118.18000030517578
2019-05-24,118.68000030517578
2019-05-27,118.94000244140625
2019-05-28,118.80000305175781
2019-05-29,116.69999694824219
2019-05-30,117.45999908447266
2019-05-31,116.72000122070312
2019-06-03,116.44000244140625
2019-06-04,116.4800033569336
2019-06-05,116.94000244140625
2019-06-06,116.94000244140625
2019-06-07,118.22000122070312
2019-06-10,118.76000213623047
2019-06-11,119.04000091552734
2019-06-12,119.22000122070312
2019-06-13,118.5999984741211
2019-06-14,117.9800033569336
2019-06-17,117.73999786376953
2019-06-18,119.31999969482422
2019-06-19,119.0
2019-06-20,119.73999786376953
2019-06-21,119.30000305175781
2019-06-24,119.30000305175781
2019-06-25,118.58000183105469
2019-06-26,118.45999908447266
2019-06-27,117.72000122070312
2019-06-28,118.33999633789062
2019-07-01,119.58000183105469
2019-07-02,119.95999908447266
2019-07-03,121.0199966430664
2019-07-04,120.95999908447266
2019-07-05,119.83999633789062
2019-07-08,119.77999877929688
2019-07-09,119.37999725341797
2019-07-10,119.0199966430664
2019-07-11,119.13999938964844
2019-07-12,119.27999877929688
2019-07-15,119.86000061035156
2019-07-16,119.91999816894531
2019-07-17,119.77999877929688
2019-07-18,119.05999755859375
2019-07-19,119.5999984741211
2019-07-22,119.22000122070312
2019-07-23,120.0999984741211
2019-07-24,120.66000366210938
2019-07-25,119.68000030517578
2019-07-26,120.4000015258789
2019-07-29,119.95999908447266
2019-07-30,118.27999877929688
2019-07-31,118.94000244140625
2019-08-01,119.4800033569336
2019-08-02,117.19999694824219
2019-08-05,114.37999725341797
2019-08-06,113.68000030517578
2019-08-07,114.04000091552734
2019-08-08,115.81999969482422
2019-08-09,115.05999755859375
2019-08-12,114.9000015258789
2019-08-13,114.80000305175781
2019-08-14,113.13999938964844
2019-08-15,112.69999694824219
2019-08-16,114.31999969482422
2019-08-19,115.55999755859375
2019-08-20,115.13999938964844
2019-08-21,116.94000244140625
2019-08-22,116.19999694824219
2019-08-23,115.13999938964844
2019-08-26,115.33999633789062
2019-08-27,116.37999725341797
2019-08-28,116.18000030517578
2019-08-29,117.12000274658203
2019-08-30,118.0
2019-09-02,118.73999786376953
2019-09-03,118.45999908447266
2019-09-04,119.4800033569336
2019-09-05,120.23999786376953
2019-09-06,119.94000244140625
2019-09-09,119.77999877929688
2019-09-10,119.12000274658203
2019-09-11,120.04000091552734
2019-09-12,120.58000183105469
2019-09-13,120.58000183105469
2019-09-16,120.5199966430664
2019-09-17,120.19999694824219
2019-09-18,120.4000015258789
2019-09-19,121.44000244140625
2019-09-20,121.0999984741211
2019-09-23,120.30000305175781
2019-09-24,120.31999969482422
2019-09-25,119.55999755859375
2019-09-26,120.5199966430664
2019-09-27,121.0
2019-09-30,121.13999938964844
2019-10-01,119.4800033569336
2019-10-02,116.0999984741211
2019-10-03,116.13999938964844
2019-10-04,117.26000213623047
2019-10-07,117.94000244140625
2019-10-08,117.0
2019-10-09,117.0199966430664
2019-10-10,117.5
2019-10-11,119.5999984741211
2019-10-14,118.58000183105469
2019-10-15,119.69999694824219
2019-10-16,119.04000091552734
2019-10-17,118.58000183105469
2019-10-18,117.80000305175781
2019-10-21,118.5
2019-10-22,118.95999908447266
2019-10-23,119.83999633789062
2019-10-24,120.5
2019-10-25,120.37999725341797
2019-10-28,120.9800033569336
2019-10-29,120.73999786376953
2019-10-30,121.37999725341797
2019-10-31,121.31999969482422
2019-11-01,121.55999755859375
2019-11-04,122.16000366210938
2019-11-05,121.5199966430664
2019-11-06,121.45999908447266
2019-11-07,122.30000305175781
2019-11-08,122.0
2019-11-11,121.80000305175781
2019-11-12,122.19999694824219
2019-11-13,122.12000274658203
2019-11-14,121.66000366210938
2019-11-15,122.0199966430664
2019-11-18,122.36000061035156
2019-11-19,122.30000305175781
2019-11-20,122.54000091552734
2019-11-21,121.69999694824219
2019-11-22,122.58000183105469
2019-11-25,124.19999694824219
2019-11-26,124.36000061035156
2019-11-27,125.16000366210938
2019-11-28,124.9800033569336
2019-11-29,124.5199966430664
2019-12-02,122.4800033569336
2019-12-03,121.81999969482422
2019-12-04,123.0199966430664
2019-12-05,123.13999938964844
2019-12-06,124.54000091552734
2019-12-09,123.58000183105469
2019-12-10,123.36000061035156
2019-12-11,123.16000366210938
2019-12-12,123.37999725341797
2019-12-13,124.4800033569336
2019-12-16,126.33999633789062
2019-12-17,125.5999984741211
2019-12-18,125.44000244140625
2019-12-19,125.76000213623047
2019-12-20,126.80000305175781
2019-12-23,126.76000213623047
2019-12-24,126.91999816894531
2019-12-25,126.91999816894531
2019-12-27,127.37999725341797
2019-12-30,126.31999969482422
2019-12-31,125.94000244140625
2020-01-02,126.83999633789062
2020-01-03,126.27999877929688
2020-01-06,126.05999755859375
2020-01-07,125.9800033569336
2020-01-08,126.55999755859375
2020-01-09,127.23999786376953
2020-01-10,127.19999694824219
2020-01-13,127.30000305175781
2020-01-14,127.68000030517578
2020-01-15,128.5800018310547
2020-01-16,128.86000061035156
2020-01-17,130.1999969482422
2020-01-20,129.72000122070312
2020-01-21,129.6999969482422
2020-01-22,130.3800048828125
2020-01-23,129.52000427246094
2020-01-24,130.8800048828125
2020-01-27,128.05999755859375
2020-01-28,129.24000549316406
2020-01-29,129.83999633789062
2020-01-30,128.5800018310547
2020-01-31,126.72000122070312
2020-02-03,126.83999633789062
2020-02-04,128.47999572753906
2020-02-05,129.97999572753906
2020-02-06,130.1999969482422
2020-02-07,129.47999572753906
2020-02-10,130.02000427246094
2020-02-11,130.94000244140625
2020-02-12,131.5800018310547
2020-02-13,131.5800018310547
2020-02-14,131.67999267578125
2020-02-17,131.82000732421875
2020-02-18,131.9600067138672
2020-02-19,133.10000610351562
2020-02-20,131.94000244140625
2020-02-21,131.17999267578125
2020-02-24,126.26000213623047
2020-02-25,124.13999938964844
2020-02-26,124.5199966430664
2020-02-27,120.0999984741211
2020-02-28,116.9000015258789
2020-03-02,116.9000015258789
2020-03-03,118.5999984741211
2020-03-04,120.0999984741211
2020-03-05,117.63999938964844
2020-03-06,113.91999816894531
2020-03-09,105.13999938964844
2020-03-10,103.54000091552734
2020-03-11,102.33999633789062
2020-03-12,91.7300033569336
2020-03-13,93.73999786376953
2020-03-16,89.97000122070312
2020-03-17,92.63999938964844
2020-03-18,90.79000091552734
2020-03-19,92.75
2020-03-20,93.04000091552734
2020-03-23,88.55000305175781
2020-03-24,94.88999938964844
2020-03-25,98.1500015258789
2020-03-26,99.69999694824219
2020-03-27,98.16999816894531
2020-03-30,99.08000183105469
2020-03-31,101.16000366210938
2020-04-01,98.47000122070312
2020-04-02,99.05999755859375
2020-04-03,98.02999877929688
2020-04-06,100.77999877929688
2020-04-07,103.33999633789062
2020-04-08,103.37999725341797
2020-04-09,104.86000061035156
2020-04-14,105.44000244140625
2020-04-15,102.83999633789062
2020-04-16,103.0
2020-04-17,105.41999816894531
2020-04-20,105.91999816894531
2020-04-21,102.95999908447266
2020-04-22,104.77999877929688
2020-04-23,105.30000305175781
2020-04-24,104.76000213623047
2020-04-27,106.12000274658203
2020-04-28,108.18000030517578
2020-04-29,109.69999694824219
2020-04-30,108.13999938964844
2020-05-04,105.41999816894531
2020-05-05,106.95999908447266
2020-05-06,106.62000274658203
2020-05-07,108.19999694824219
2020-05-08,109.73999786376953
2020-05-11,109.19999694824219
2020-05-12,109.36000061035156
2020-05-13,107.55999755859375
2020-05-14,105.45999908447266
2020-05-15,106.05999755859375
2020-05-18,109.04000091552734
2020-05-19,108.87999725341797
2020-05-20,110.04000091552734
2020-05-21,109.45999908447266
2020-05-22,109.77999877929688
2020-05-25,111.27999877929688
2020-05-26,112.16000366210938
2020-05-27,112.26000213623047
2020-05-28,114.18000030517578
2020-05-29,112.72000122070312
2020-06-01,114.22000122070312
2020-06-02,115.13999938964844
2020-06-03,117.23999786376953
2020-06-04,116.63999938964844
2020-06-05,117.72000122070312
2020-06-08,116.94000244140625
2020-06-09,115.9000015258789
2020-06-10,115.9000015258789
2020-06-11,112.23999786376953
2020-06-12,112.54000091552734
2020-06-15,111.9800033569336
2020-06-16,114.77999877929688
2020-06-17,115.76000213623047
2020-06-18,115.44000244140625
2020-06-19,116.58000183105469
2020-06-22,115.44000244140625
2020-06-23,116.31999969482422
2020-06-24,113.76000213623047
2020-06-25,114.08000183105469
2020-06-26,114.0999984741211
2020-06-29,114.5199966430664
2020-06-30,114.72000122070312
2020-07-01,115.18000030517578
2020-07-02,116.66000366210938
2020-07-03,115.80000305175781
2020-07-06,116.9000015258789
2020-07-07,116.63999938964844
2020-07-08,116.18000030517578
2020-07-09,115.41999816894531
2020-07-10,116.13999938964844
2020-07-13,116.91999816894531
2020-07-14,116.41999816894531
2020-07-15,117.54000091552734
2020-07-16,117.23999786376953
2020-07-17,117.5
2020-07-20,118.5999984741211
2020-07-21,118.72000122070312
2020-07-22,118.18000030517578
2020-07-23,118.16000366210938
2020-07-24,116.76000213623047
2020-07-27,116.22000122070312
2020-07-28,117.12000274658203
2020-07-29,117.13999938964844
2020-07-30,115.0
2020-07-31,114.04000091552734
2020-08-03,115.83999633789062
2020-08-04,115.77999877929688
2020-08-05,117.0999984741211
2020-08-06,116.19999694824219
2020-08-07,117.05999755859375
2020-08-10,117.44000244140625
2020-08-11,118.83999633789062
2020-08-12,121.18000030517578
2020-08-13,120.81999969482422
2020-08-14,119.95999908447266
2020-08-17,119.9000015258789
2020-08-18,118.80000305175781
2020-08-19,119.5
2020-08-20,118.69999694824219
2020-08-21,119.08000183105469
2020-08-24,120.23999786376953
2020-08-25,120.0
2020-08-26,121.12000274658203
2020-08-27,120.45999908447266
2020-08-28,120.04000091552734
2020-08-31,119.18000030517578
2020-09-01,119.27999877929688
2020-09-02,121.30000305175781
2020-09-03,119.72000122070312
2020-09-04,118.41999816894531
2020-09-07,120.5199966430664
2020-09-08,119.87999725341797
2020-09-09,121.69999694824219
2020-09-10,121.27999877929688
2020-09-11,121.58000183105469
2020-09-14,121.36000061035156
2020-09-15,121.94000244140625
2020-09-16,123.04000091552734
2020-09-17,122.55999755859375
2020-09-18,121.62000274658203
2020-09-21,118.30000305175781
2020-09-22,118.0999984741211
2020-09-23,118.4000015258789
2020-09-24,117.36000061035156
2020-09-25,117.45999908447266
2020-09-28,119.36000061035156
2020-09-29,118.68000030517578
2020-09-30,119.19999694824219
2020-10-01,119.19999694824219
2020-10-02,119.94000244140625
2020-10-05,120.69999694824219
2020-10-06,120.54000091552734
2020-10-07,120.0
2020-10-08,120.9800033569336
2020-10-09,122.16000366210938
2020-10-12,123.0
2020-10-13,122.66000366210938
2020-10-14,122.83999633789062
2020-10-15,120.55999755859375
2020-10-16,121.33999633789062
2020-10-19,121.37999725341797
2020-10-20,120.77999877929688
2020-10-21,119.45999908447266
2020-10-22,119.19999694824219
2020-10-23,120.0
2020-10-26,118.0199966430664
2020-10-27,117.18000030517578
2020-10-28,114.30000305175781
2020-10-29,114.16000366210938
2020-10-30,114.22000122070312
2020-11-02,115.9000015258789
2020-11-03,118.13999938964844
2020-11-04,120.63999938964844
2020-11-05,122.0999984741211
2020-11-06,121.9800033569336
2020-11-09,124.12000274658203
2020-11-10,124.77999877929688
2020-11-11,126.23999786376953
2020-11-12,125.86000061035156
2020-11-13,125.77999877929688
2020-11-16,126.5199966430664
2020-11-17,126.19999694824219
2020-11-18,127.08000183105469
2020-11-19,126.4000015258789
2020-11-20,126.9000015258789
2020-11-23,126.08000183105469
2020-11-24,126.45999908447266
2020-11-25,126.76000213623047
2020-11-26,126.76000213623047
2020-11-27,126.80000305175781
2020-11-30,126.0999984741211
2020-12-01,126.45999908447266
2020-12-02,126.0
2020-12-03,126.08000183105469
2020-12-04,126.23999786376953
2020-12-07,126.26000213623047
2020-12-08,126.5
2020-12-09,127.22000122070312
2020-12-10,126.81999969482422
2020-12-11,126.0199966430664
2020-12-14,126.55999755859375
2020-12-15,126.54000091552734
2020-12-16,127.76000213623047
2020-12-17,128.10000610351562
2020-12-18,128.05999755859375
2020-12-21,125.23999786376953
2020-12-22,126.4000015258789
2020-12-23,127.5
2020-12-24,127.73999786376953
2020-12-28,128.3000030517578
2020-12-29,129.55999755859375
2020-12-30,128.8800048828125
2020-12-31,128.32000732421875
2021-01-04,129.3000030517578
2021-01-05,129.17999267578125
2021-01-06,130.77999877929688
2021-01-07,130.89999389648438
2021-01-08,131.63999938964844
2021-01-11,131.02000427246094
2021-01-12,130.8000030517578
2021-01-13,131.33999633789062
2021-01-14,132.13999938964844
2021-01-15,131.0800018310547
2021-01-18,131.10000610351562
2021-01-19,131.10000610351562
2021-01-20,131.52000427246094
2021-01-21,131.77999877929688
2021-01-22,130.77999877929688
2021-01-25,130.27999877929688
2021-01-26,131.3800048828125
2021-01-27,131.0
2021-01-28,130.6999969482422
2021-01-29,128.5800018310547
2021-02-01,130.05999755859375
2021-02-02,131.3800048828125
2021-02-03,131.8000030517578
2021-02-04,132.27999877929688
2021-02-05,132.05999755859375
2021-02-08,132.27999877929688
2021-02-09,131.86000061035156
2021-02-10,131.77999877929688
2021-02-11,132.3800048828125
2021-02-12,133.4199981689453
2021-02-15,135.10000610351562
2021-02-16,134.97999572753906
2021-02-17,133.89999389648438
2021-02-18,133.5800018310547
2021-02-19,133.75999450683594
2021-02-22,133.02000427246094
2021-02-23,132.39999389648438
2021-02-24,132.47999572753906
2021-02-25,132.55999755859375
2021-02-26,130.39999389648438
2021-03-01,132.8000030517578
2021-03-02,133.0
2021-03-03,132.72000122070312
2021-03-04,132.44000244140625
2021-03-05,131.33999633789062
2021-03-08,133.32000732421875
2021-03-09,134.9199981689453
2021-03-10,136.05999755859375
2021-03-11,136.5800018310547
2021-03-12,136.27999877929688
2021-03-15,136.5
2021-03-16,137.97999572753906
2021-03-17,137.25999450683594
2021-03-18,137.55999755859375
2021-03-19,136.5
2021-03-22,137.55999755859375
2021-03-23,137.8800048828125
2021-03-24,137.75999450683594
2021-03-25,137.6999969482422
2021-03-26,138.8000030517578
2021-03-29,139.22000122070312
2021-03-30,139.66000366210938
2021-03-31,139.5399932861328
2021-04-01,140.67999267578125
2021-04-06,141.3800048828125
2021-04-07,141.3000030517578
2021-04-08,142.32000732421875
2021-04-09,142.22000122070312
2021-04-12,141.72000122070312
2021-04-13,142.0399932861328
2021-04-14,141.9600067138672
2021-04-15,142.66000366210938
2021-04-16,143.63999938964844
2021-04-19,144.0800018310547
2021-04-20,142.02000427246094
2021-04-21,142.47999572753906
2021-04-22,143.83999633789062
2021-04-23,143.66000366210938
2021-04-26,143.86000061035156
2021-04-27,143.75999450683594
2021-04-28,143.63999938964844
2021-04-29,143.66000366210938
2021-04-30,143.44000244140625
2021-05-03,144.83999633789062
2021-05-04,142.94000244140625
2021-05-05,144.8800048828125
2021-05-06,144.72000122070312
2021-05-07,145.83999633789062
2021-05-10,146.32000732421875
2021-05-11,143.44000244140625
2021-05-12,144.0
2021-05-13,143.67999267578125
2021-05-14,145.75999450683594
2021-05-17,146.4600067138672
2021-05-18,146.8000030517578
2021-05-19,145.24000549316406
2021-05-20,147.0800018310547
2021-05-21,147.55999755859375
2021-05-24,148.10000610351562
2021-05-25,147.89999389648438
2021-05-26,148.0800018310547
2021-05-27,147.9600067138672
2021-05-28,148.4600067138672
2021-05-31,148.0399932861328
2021-06-01,148.94000244140625
2021-06-02,149.25999450683594
2021-06-03,149.3000030517578
2021-06-04,150.0
2021-06-07,150.60000610351562
2021-06-08,150.8800048828125
2021-06-09,151.16000366210938
2021-06-10,151.10000610351562
2021-06-11,151.83999633789062
2021-06-14,152.4199981689453
2021-06-15,152.63999938964844
2021-06-16,153.16000366210938
2021-06-17,152.72000122070312
2021-06-18,150.9199981689453
2021-06-21,152.1199951171875
2021-06-22,152.6199951171875
2021-06-23,151.66000366210938
2021-06-24,152.8000030517578
2021-06-25,153.10000610351562
2021-06-28,152.39999389648438
2021-06-29,152.67999267578125
2021-06-30,151.82000732421875
2021-07-01,153.22000122070312
2021-07-02,154.1999969482422
2021-07-05,154.25999450683594
2021-07-06,154.10000610351562
2021-07-07,155.60000610351562
2021-07-08,152.8800048828125
2021-07-09,154.32000732421875
2021-07-12,155.60000610351562
2021-07-13,156.1199951171875
2021-07-14,155.3000030517578
2021-07-15,154.02000427246094
2021-07-16,154.05999755859375
2021-07-19,151.0399932861328
2021-07-20,151.0800018310547
2021-07-21,153.5
2021-07-22,154.9199981689453
2021-07-23,156.63999938964844
2021-07-26,156.44000244140625
2021-07-27,155.4600067138672
2021-07-28,156.47999572753906
2021-07-29,156.33999633789062
2021-07-30,155.36000061035156
2021-08-02,156.1199951171875
2021-08-03,157.0
2021-08-04,157.5399932861328
2021-08-05,158.02000427246094
2021-08-06,157.75999450683594
2021-08-09,158.10000610351562
2021-08-10,158.72000122070312
2021-08-11,159.05999755859375
2021-08-12,159.0399932861328
2021-08-13,159.32000732421875
2021-08-16,158.5
2021-08-17,159.27999877929688
2021-08-18,160.0800018310547
2021-08-19,157.89999389648438
2021-08-20,158.52000427246094
2021-08-23,160.10000610351562
2021-08-24,159.9199981689453
2021-08-25,159.3800048828125
2021-08-26,158.82000732421875
2021-08-27,159.77999877929688
2021-08-30,160.13999938964844
2021-08-31,159.44000244140625
2021-09-01,160.33999633789062
2021-09-02,160.8000030517578
2021-09-03,159.83999633789062
2021-09-06,160.82000732421875
2021-09-07,160.6999969482422
2021-09-08,159.27999877929688
2021-09-09,159.05999755859375
2021-09-10,159.17999267578125
2021-09-13,159.13999938964844
2021-09-14,159.66000366210938
2021-09-15,158.97999572753906
2021-09-16,159.3000030517578
2021-09-17,157.6999969482422
2021-09-20,155.27999877929688
2021-09-21,157.5
2021-09-22,158.47999572753906
2021-09-23,159.47999572753906
2021-09-24,157.5
2021-09-27,156.1199951171875
2021-09-28,152.44000244140625
2021-09-29,153.1199951171875
2021-09-30,153.1199951171875
2021-10-01,152.5
2021-10-04,152.16000366210938
2021-10-05,153.24000549316406
2021-10-06,151.17999267578125
2021-10-07,152.9600067138672
2021-10-08,152.6199951171875
2021-10-11,152.4199981689453
2021-10-12,152.66000366210938
2021-10-13,154.0800018310547
2021-10-14,155.77999877929688
2021-10-15,156.32000732421875
2021-10-18,156.10000610351562
2021-10-19,156.9199981689453
2021-10-20,157.72000122070312
2021-10-21,157.32000732421875
2021-10-22,157.8800048828125
2021-10-25,158.36000061035156
2021-10-26,159.17999267578125
2021-10-27,158.0
2021-10-28,157.44000244140625
2021-10-29,156.55999755859375
2021-11-01,157.60000610351562
2021-11-02,158.33999633789062
2021-11-03,159.3000030517578
2021-11-04,160.60000610351562
2021-11-05,159.77999877929688
2021-11-08,159.8800048828125
2021-11-09,159.86000061035156
2021-11-10,159.94000244140625
2021-11-11,160.1999969482422
2021-11-12,160.9600067138672
2021-11-15,161.6199951171875
2021-11-16,162.0399932861328
2021-11-17,162.13999938964844
2021-11-18,160.8000030517578
2021-11-19,160.89999389648438
2021-11-22,160.83999633789062
2021-11-23,158.6999969482422
2021-11-24,159.1199951171875
2021-11-25,159.67999267578125
2021-11-26,154.89999389648438
2021-11-29,156.72000122070312
2021-11-30,154.94000244140625
2021-12-01,156.1999969482422
2021-12-02,155.86000061035156
2021-12-03,154.83999633789062
2021-12-06,156.6999969482422
2021-12-07,161.10000610351562
2021-12-08,160.4199981689453
2021-12-09,160.0800018310547
2021-12-10,159.5
2021-12-13,158.9199981689453
2021-12-14,156.5800018310547
2021-12-15,157.17999267578125
2021-12-16,158.97999572753906
2021-12-17,157.47999572753906
2021-12-20,155.22000122070312
2021-12-21,157.67999267578125
2021-12-22,159.1199951171875
2021-12-23,160.24000549316406
2021-12-24,160.16000366210938
2021-12-27,161.25999450683594
2021-12-28,162.33999633789062
2021-12-29,161.89999389648438
2021-12-30,162.0800018310547
2021-12-31,161.25999450683594
2022-01-03,162.5
2022-01-04,163.1199951171875
2022-01-05,163.6199951171875
2022-01-06,160.6199951171875
2022-01-07,159.83999633789062
2022-01-10,155.9199981689453
2022-01-11,157.55999755859375
2022-01-12,158.60000610351562
2022-01-13,157.27999877929688
2022-01-14,155.1999969482422
2022-01-17,156.4199981689453
2022-01-18,155.27999877929688
2022-01-19,156.0399932861328
2022-01-20,156.8000030517578
2022-01-21,153.4199981689453
2022-01-24,146.63999938964844
2022-01-25,147.5800018310547
2022-01-26,149.72000122070312
2022-01-27,150.32000732421875
2022-01-28,149.4600067138672
2022-01-31,151.47999572753906
2022-02-01,152.66000366210938
2022-02-02,153.3800048828125
2022-02-03,149.44000244140625
2022-02-04,147.25999450683594
2022-02-07,148.25999450683594
2022-02-08,147.5399932861328
2022-02-09,150.67999267578125
2022-02-10,149.97999572753906
2022-02-11,148.86000061035156
2022-02-14,146.74000549316406
2022-02-15,148.97999572753906
2022-02-16,149.0
2022-02-17,147.55999755859375
2022-02-18,145.89999389648438
2022-02-21,144.1199951171875
2022-02-22,144.47999572753906
2022-02-23,144.10000610351562
2022-02-24,140.55999755859375
2022-02-25,144.13999938964844
2022-02-28,144.0800018310547
2022-03-01,141.82000732421875
2022-03-02,142.77999877929688
2022-03-03,139.72000122070312
2022-03-04,135.6999969482422
2022-03-07,134.16000366210938
2022-03-08,132.8800048828125
2022-03-09,138.55999755859375
2022-03-10,136.33999633789062
2022-03-11,137.86000061035156
2022-03-14,139.6199951171875
2022-03-15,139.02000427246094
2022-03-16,143.63999938964844
2022-03-17,144.1199951171875
2022-03-18,145.82000732421875
2022-03-21,145.9600067138672
2022-03-22,146.39999389648438
2022-03-23,144.44000244140625
2022-03-24,143.5399932861328
2022-03-25,142.94000244140625
2022-03-28,143.22000122070312
2022-03-29,146.74000549316406
2022-03-30,144.8800048828125
2022-03-31,143.17999267578125
2022-04-01,143.55999755859375
2022-04-04,145.0800018310547
2022-04-05,144.82000732421875
2022-04-06,142.5
2022-04-07,142.33999633789062
2022-04-08,144.17999267578125
2022-04-11,141.75999450683594
2022-04-12,142.3000030517578
2022-04-13,142.16000366210938
2022-04-14,143.1199951171875
2022-04-19,142.3800048828125
2022-04-20,143.9199981689453
2022-04-21,144.44000244140625
2022-04-22,141.1999969482422
2022-04-25,138.8000030517578
2022-04-26,136.89999389648438
2022-04-27,138.13999938964844
2022-04-28,138.9199981689453
2022-04-29,139.47999572753906
2022-05-02,137.5
2022-05-03,138.27999877929688
2022-05-04,136.55999755859375
2022-05-05,135.39999389648438
2022-05-06,132.17999267578125
2022-05-09,127.69999694824219
2022-05-10,128.67999267578125
2022-05-11,130.8800048828125
2022-05-12,130.4199981689453
2022-05-13,133.3800048828125
2022-05-16,133.27999877929688
2022-05-17,135.27999877929688
2022-05-18,133.39999389648438
2022-05-19,131.9600067138672
2022-05-20,133.05999755859375
2022-05-23,134.67999267578125
2022-05-24,132.60000610351562
2022-05-25,134.0800018310547
2022-05-26,135.60000610351562
2022-05-27,137.1999969482422
2022-05-30,138.4199981689453
2022-05-31,137.4600067138672
2022-06-01,136.0800018310547
2022-06-02,137.36000061035156
2022-06-03,136.89999389648438
2022-06-06,138.60000610351562
2022-06-07,137.63999938964844
2022-06-08,136.67999267578125
2022-06-09,135.02000427246094
2022-06-10,131.33999633789062
2022-06-13,127.83999633789062
2022-06-14,126.19999694824219
2022-06-15,127.86000061035156
2022-06-16,124.45999908447266
2022-06-17,124.72000122070312
2022-06-20,125.55999755859375
2022-06-21,126.13999938964844
2022-06-22,125.0999984741211
2022-06-23,124.22000122070312
2022-06-24,128.16000366210938
2022-06-27,128.72000122070312
2022-06-28,128.89999389648438
2022-06-29,128.75999450683594
2022-06-30,127.63999938964844
2022-07-01,127.30000305175781
2022-07-04,128.1999969482422
2022-07-05,125.73999786376953
2022-07-06,128.05999755859375
2022-07-07,130.24000549316406
2022-07-08,130.83999633789062
2022-07-11,130.3000030517578
2022-07-12,130.97999572753906
2022-07-13,130.1199951171875
2022-07-14,128.55999755859375
2022-07-15,131.10000610351562
2022-07-18,132.4600067138672
2022-07-19,134.0
2022-07-20,133.94000244140625
2022-07-21,134.9600067138672
2022-07-22,135.39999389648438
2022-07-25,135.17999267578125
2022-07-26,134.55999755859375
2022-07-27,135.13999938964844
2022-07-28,136.9600067138672
2022-07-29,139.22000122070312
2022-08-01,138.9199981689453
2022-08-02,137.74000549316406
2022-08-03,138.1999969482422
2022-08-04,138.72000122070312
2022-08-05,137.1199951171875
2022-08-08,138.36000061035156
2022-08-09,137.36000061035156
2022-08-10,139.0
2022-08-11,139.6999969482422
2022-08-12,139.1999969482422
2022-08-15,139.4199981689453
2022-08-16,139.02000427246094
2022-08-17,137.44000244140625
2022-08-18,138.55999755859375
2022-08-19,137.47999572753906
2022-08-22,136.17999267578125
2022-08-23,135.63999938964844
2022-08-24,136.13999938964844
2022-08-25,136.6199951171875
2022-08-26,134.13999938964844
2022-08-29,132.86000061035156
2022-08-30,131.3000030517578
2022-08-31,129.83999633789062
2022-09-01,127.30000305175781
2022-09-02,129.82000732421875
2022-09-05,129.33999633789062
2022-09-06,129.83999633789062
2022-09-07,128.89999389648438
2022-09-08,129.3000030517578
2022-09-09,131.55999755859375
2022-09-12,133.52000427246094
2022-09-13,131.33999633789062
2022-09-14,130.16000366210938
2022-09-15,128.6199951171875
2022-09-16,126.5199966430664
2022-09-19,126.41999816894531
2022-09-20,124.9000015258789
2022-09-21,126.63999938964844
2022-09-22,123.72000122070312
2022-09-23,120.54000091552734
2022-09-26,120.22000122070312
2022-09-27,120.63999938964844
2022-09-28,121.73999786376953
2022-09-29,119.26000213623047
2022-09-30,121.04000091552734
2022-10-03,122.33999633789062
2022-10-04,126.45999908447266
2022-10-05,125.4000015258789
2022-10-06,124.76000213623047
2022-10-07,122.81999969482422
2022-10-10,122.41999816894531
2022-10-11,121.77999877929688
2022-10-12,120.87999725341797
2022-10-13,122.05999755859375
2022-10-14,122.31999969482422
2022-10-17,124.9000015258789
2022-10-18,124.94000244140625
2022-10-19,124.0199966430664
2022-10-20,124.80000305175781
2022-10-21,123.87999725341797
2022-10-24,125.18000030517578
2022-10-25,127.36000061035156
2022-10-26,128.74000549316406
2022-10-27,128.3000030517578
2022-10-28,128.3000030517578
2022-10-31,128.47999572753906
2022-11-01,129.5800018310547
2022-11-02,129.36000061035156
2022-11-03,127.66000366210938
2022-11-04,130.27999877929688
2022-11-07,130.47999572753906
2022-11-08,132.02000427246094
2022-11-09,131.86000061035156
2022-11-10,136.5399932861328
2022-11-11,137.05999755859375
2022-11-14,136.5800018310547
2022-11-15,137.27999877929688
2022-11-16,135.13999938964844
2022-11-17,134.33999633789062
2022-11-18,135.9199981689453
2022-11-21,135.74000549316406
2022-11-22,136.63999938964844
2022-11-23,137.89999389648438
2022-11-24,138.67999267578125
2022-11-25,138.77999877929688
2022-11-28,138.24000549316406
2022-11-29,138.6999969482422
2022-11-30,138.82000732421875
2022-12-01,140.77999877929688
2022-12-02,140.5
2022-12-05,139.8800048828125
2022-12-06,139.4600067138672
2022-12-07,138.02000427246094
2022-12-08,137.6999969482422
2022-12-09,138.02000427246094
2022-12-12,137.9600067138672
2022-12-13,138.4600067138672
2022-12-14,139.77999877929688
2022-12-15,138.67999267578125
2022-12-16,134.5399932861328
2022-12-19,134.60000610351562
2022-12-20,132.89999389648438
2022-12-21,134.72000122070312
2022-12-22,135.83999633789062
2022-12-23,134.6199951171875
2022-12-27,135.36000061035156
2022-12-28,135.0399932861328
2022-12-29,133.82000732421875
2022-12-30,134.55999755859375
2023-01-02,135.24000549316406
2023-01-03,135.47999572753906
2023-01-04,136.3800048828125
2023-01-05,137.83999633789062
2023-01-06,137.86000061035156
2023-01-09,139.82000732421875
2023-01-10,139.4199981689453
2023-01-11,139.5800018310547
2023-01-12,139.89999389648438
2023-01-13,140.83999633789062
2023-01-16,141.3000030517578
2023-01-17,141.39999389648438
2023-01-18,142.72000122070312
2023-01-19,142.66000366210938
2023-01-20,141.63999938964844
2023-01-23,141.97999572753906
2023-01-24,142.8000030517578
2023-01-25,141.16000366210938
2023-01-26,142.5800018310547
2023-01-27,142.3000030517578
2023-01-30,142.83999633789062
2023-01-31,142.89999389648438
2023-02-01,142.74000549316406
2023-02-02,143.27999877929688
2023-02-03,145.0
2023-02-06,144.5399932861328
2023-02-07,144.0800018310547
2023-02-08,145.0
2023-02-09,144.83999633789062
2023-02-10,142.67999267578125
2023-02-13,143.36000061035156
2023-02-14,144.39999389648438
2023-02-15,143.74000549316406
2023-02-16,145.86000061035156
2023-02-17,145.0399932861328
2023-02-20,145.3000030517578
2023-02-21,144.86000061035156
2023-02-22,144.02000427246094
2023-02-23,144.8000030517578
2023-02-24,145.13999938964844
2023-02-27,144.3800048828125
2023-02-28,143.86000061035156
2023-03-01,144.0
2023-03-02,142.05999755859375
2023-03-03,144.3800048828125
2023-03-06,144.82000732421875
2023-03-07,144.39999389648438
2023-03-08,142.6999969482422
2023-03-09,142.82000732421875
2023-03-10,141.3000030517578
2023-03-13,141.17999267578125
2023-03-14,139.22000122070312
2023-03-15,140.39999389648438
2023-03-16,139.4600067138672
2023-03-17,140.89999389648438
2023-03-20,138.1199951171875
2023-03-21,140.83999633789062
2023-03-22,141.52000427246094
2023-03-23,140.82000732421875
2023-03-24,141.25999450683594
2023-03-27,141.86000061035156
2023-03-28,142.5399932861328
2023-03-29,142.47999572753906
2023-03-30,144.97999572753906
2023-03-31,145.36000061035156
2023-04-03,146.67999267578125
2023-04-04,146.3800048828125
2023-04-05,145.6999969482422
2023-04-06,146.02000427246094
2023-04-11,146.74000549316406
2023-04-12,147.16000366210938
2023-04-13,148.0800018310547
2023-04-14,148.89999389648438
2023-04-17,149.4600067138672
2023-04-18,149.6999969482422
2023-04-19,148.47999572753906
2023-04-20,148.27999877929688
2023-04-21,148.6999969482422
2023-04-24,149.66000366210938
2023-04-25,149.44000244140625
2023-04-26,147.67999267578125
2023-04-27,147.72000122070312
2023-04-28,148.02000427246094
2023-05-02,149.55999755859375
2023-05-03,148.89999389648438
2023-05-04,148.33999633789062
2023-05-05,148.82000732421875
2023-05-08,150.32000732421875
2023-05-09,150.02000427246094
2023-05-10,149.4600067138672
2023-05-11,149.4199981689453
2023-05-12,150.39999389648438
2023-05-15,150.8800048828125
2023-05-16,149.97999572753906
2023-05-17,149.52000427246094
2023-05-18,150.44000244140625
2023-05-19,151.4199981689453
2023-05-22,151.82000732421875
2023-05-23,150.36000061035156
2023-05-24,148.1999969482422
2023-05-25,148.3800048828125
2023-05-26,150.27999877929688
2023-05-29,150.25999450683594
2023-05-30,149.25999450683594
2023-05-31,148.0800018310547
2023-06-01,148.82000732421875
2023-06-02,151.16000366210938
2023-06-05,150.5
2023-06-06,150.5800018310547
2023-06-07,150.32000732421875
2023-06-08,150.60000610351562
2023-06-09,150.5399932861328
2023-06-12,150.8000030517578
2023-06-13,152.36000061035156
2023-06-14,152.0800018310547
2023-06-15,152.16000366210938
2023-06-16,152.8000030517578
2023-06-19,151.05999755859375
2023-06-20,150.3800048828125
2023-06-21,149.13999938964844
2023-06-22,148.3800048828125
2023-06-23,147.89999389648438
2023-06-26,147.75999450683594
2023-06-27,148.27999877929688
2023-06-28,149.1199951171875
2023-06-29,149.17999267578125
2023-06-30,150.94000244140625
2023-07-03,150.24000549316406
2023-07-04,151.05999755859375
2023-07-05,150.05999755859375
2023-07-06,146.33999633789062
2023-07-07,146.55999755859375
2023-07-10,147.0800018310547
2023-07-11,148.16000366210938
2023-07-12,150.4199981689453
2023-07-13,151.60000610351562
2023-07-14,151.6199951171875
2023-07-17,150.27999877929688
2023-07-18,151.24000549316406
2023-07-19,151.66000366210938
2023-07-20,152.17999267578125
2023-07-21,152.77999877929688
2023-07-24,152.89999389648438
2023-07-25,153.33999633789062
2023-07-26,152.10000610351562
2023-07-27,154.82000732421875
2023-07-28,154.47999572753906
2023-07-31,155.47999572753906
2023-08-01,153.9199981689453
2023-08-02,152.0
2023-08-03,151.10000610351562
2023-08-04,151.32000732421875
2023-08-07,151.5399932861328
2023-08-08,152.02000427246094
2023-08-09,152.67999267578125
2023-08-10,154.22000122070312
2023-08-11,152.5
2023-08-14,152.77999877929688
2023-08-15,151.67999267578125
2023-08-16,151.6999969482422
2023-08-17,149.17999267578125
2023-08-18,148.25999450683594
2023-08-21,148.60000610351562
2023-08-22,149.33999633789062
2023-08-23,149.82000732421875
2023-08-24,148.86000061035156
2023-08-25,148.9199981689453
2023-08-28,150.4199981689453
2023-08-29,151.60000610351562
2023-08-30,151.5800018310547
2023-08-31,150.5800018310547
2023-09-01,151.24000549316406
2023-09-04,151.52000427246094
2023-09-05,151.4199981689453
2023-09-06,150.3000030517578
2023-09-07,149.97999572753906
2023-09-08,150.55999755859375
2023-09-11,150.55999755859375
2023-09-12,150.13999938964844
2023-09-13,149.67999267578125
2023-09-14,151.83999633789062
2023-09-15,151.97999572753906
2023-09-18,150.27999877929688
2023-09-19,149.72000122070312
2023-09-20,151.0
2023-09-21,148.97999572753906
2023-09-22,148.66000366210938
2023-09-25,147.5399932861328
2023-09-26,146.82000732421875
2023-09-27,146.77999877929688
2023-09-28,147.16000366210938
2023-09-29,148.33999633789062
2023-10-02,146.9199981689453
2023-10-03,145.5399932861328
2023-10-04,145.1199951171875
2023-10-05,145.75999450683594
2023-10-06,147.44000244140625
2023-10-09,147.0800018310547
2023-10-10,149.6999969482422
2023-10-11,149.33999633789062
2023-10-12,149.97999572753906
2023-10-13,148.47999572753906
2023-10-16,148.1999969482422
2023-10-17,148.1199951171875
2023-10-18,146.47999572753906
2023-10-19,143.9600067138672
2023-10-20,142.3000030517578
2023-10-23,142.39999389648438
2023-10-24,143.17999267578125
2023-10-25,143.1199951171875
2023-10-26,142.89999389648438
2023-10-27,141.94000244140625
2023-10-30,142.36000061035156
2023-10-31,143.27999877929688
2023-11-01,144.5
2023-11-02,146.5800018310547
2023-11-03,146.33999633789062
2023-11-06,146.0
2023-11-07,145.86000061035156
2023-11-08,146.5399932861328
2023-11-09,149.1199951171875
2023-11-10,147.86000061035156
2023-11-13,149.13999938964844
2023-11-14,151.36000061035156
2023-11-15,152.10000610351562
2023-11-16,150.4600067138672
2023-11-17,151.9199981689453
2023-11-20,152.6199951171875
2023-11-21,152.32000732421875
2023-11-22,152.72000122070312
2023-11-23,153.33999633789062
2023-11-24,153.67999267578125
2023-11-27,153.5
2023-11-28,152.32000732421875
2023-11-29,153.4600067138672
2023-11-30,154.02000427246094
2023-12-01,155.8000030517578
2023-12-04,155.72000122070312
2023-12-05,156.4600067138672
2023-12-06,157.27999877929688
2023-12-07,156.6999969482422
2023-12-08,158.32000732421875
2023-12-11,158.86000061035156
2023-12-12,158.5399932861328
2023-12-13,158.75999450683594
2023-12-14,160.67999267578125
2023-12-15,160.72000122070312
2023-12-18,160.33999633789062
2023-12-19,161.0
2023-12-20,161.63999938964844
2023-12-21,161.39999389648438
2023-12-22,161.33999633789062
2023-12-27,161.33999633789062
2023-12-28,160.8000030517578
2023-12-29,161.33999633789062
2024-01-02,160.75999450683594
2024-01-03,160.22000122070312
2024-01-04,160.6999969482422
2024-01-05,160.36000061035156
2024-01-08,160.6999969482422
2024-01-09,160.6999969482422
2024-01-10,160.74000549316406
2024-01-11,159.39999389648438
2024-01-12,161.13999938964844
2024-01-15,160.0800018310547
2024-01-16,159.82000732421875
2024-01-17,158.02000427246094
2024-01-18,159.05999755859375
2024-01-19,158.3800048828125
2024-01-22,160.27999877929688
2024-01-23,159.05999755859375
2024-01-24,160.77999877929688
2024-01-25,161.36000061035156
2024-01-26,162.5
2024-01-29,163.27999877929688
2024-01-30,163.6199951171875
2024-01-31,163.6199951171875
2024-02-01,162.52000427246094
2024-02-02,162.17999267578125
2024-02-05,161.72000122070312
2024-02-06,163.02000427246094
2024-02-07,162.4199981689453
2024-02-08,162.0399932861328
2024-02-09,162.52000427246094
2024-02-12,163.0399932861328
2024-02-13,160.94000244140625
2024-02-14,162.10000610351562
2024-02-15,161.55999755859375
2024-02-16,163.6999969482422
2024-02-19,163.5399932861328
2024-02-20,163.02000427246094
2024-02-21,162.6199951171875
2024-02-22,164.39999389648438
2024-02-23,164.83999633789062
2024-02-26,164.0399932861328
2024-02-27,163.94000244140625
2024-02-28,163.67999267578125
2024-02-29,163.74000549316406
2024-03-01,164.55999755859375
2024-03-04,164.39999389648438
2024-03-05,163.74000549316406
2024-03-06,164.89999389648438
2024-03-07,165.77999877929688
2024-03-08,165.22000122070312
2024-03-11,164.16000366210938
2024-03-12,165.9600067138672
2024-03-13,165.8000030517578
2024-03-14,166.0399932861328
2024-03-15,165.1999969482422
2024-03-18,164.94000244140625
2024-03-19,164.9199981689453
2024-03-20,164.9199981689453
2024-03-21,166.89999389648438
2024-03-22,166.83999633789062
2024-03-25,166.16000366210938
2024-03-26,166.36000061035156
2024-03-27,166.5399932861328
2024-03-28,167.63999938964844
2024-04-02,165.8800048828125
2024-04-03,165.94000244140625
2024-04-04,165.89999389648438
2024-04-05,164.9199981689453
2024-04-08,165.24000549316406
2024-04-09,163.8800048828125
2024-04-10,164.39999389648438
2024-04-11,164.6999969482422
2024-04-12,164.33999633789062
2024-04-15,164.67999267578125
2024-04-16,162.66000366210938
2024-04-17,162.24000549316406
2024-04-18,162.3000030517578
2024-04-19,161.33999633789062
2024-04-22,162.94000244140625
2024-04-23,164.55999755859375
2024-04-24,163.94000244140625
2024-04-25,162.17999267578125
2024-04-26,164.3000030517578
2024-04-29,163.94000244140625
2024-04-30,163.6999969482422
2024-05-02,162.47999572753906
2024-05-03,163.82000732421875
2024-05-06,165.25999450683594
2024-05-07,166.67999267578125
2024-05-08,167.25999450683594
2024-05-09,168.3000030517578
2024-05-10,169.3800048828125
2024-05-13,169.47999572753906
2024-05-14,170.0
2024-05-15,170.94000244140625
2024-05-16,170.94000244140625
2024-05-17,169.89999389648438
2024-05-20,170.77999877929688
2024-05-21,170.4600067138672
2024-05-22,170.75999450683594
2024-05-23,171.55999755859375
2024-05-24,171.24000549316406
2024-05-27,171.5800018310547
2024-05-28,170.27999877929688
2024-05-29,169.13999938964844
2024-05-30,170.9199981689453
2024-05-31,170.6199951171875
2024-06-03,171.47999572753906
2024-06-04,171.27999877929688
2024-06-05,173.17999267578125
2024-06-06,174.0800018310547
2024-06-07,173.83999633789062
2024-06-10,173.55999755859375
2024-06-11,172.3000030517578
2024-06-12,174.25999450683594
2024-06-13,172.86000061035156
2024-06-14,170.6199951171875
2024-06-17,170.74000549316406
2024-06-18,171.52000427246094
2024-06-19,171.3000030517578
2024-06-20,172.67999267578125
2024-06-21,171.6199951171875
2024-06-24,171.8800048828125
2024-06-25,171.39999389648438
2024-06-26,170.67999267578125
2024-06-27,169.8000030517578
2024-06-28,168.86000061035156
2024-07-01,168.89999389648438
2024-07-02,167.9600067138672
2024-07-03,168.47999572753906
2024-07-04,169.4600067138672
2024-07-05,169.66000366210938
2024-07-08,169.24000549316406
2024-07-09,168.17999267578125
2024-07-10,169.5800018310547
2024-07-11,170.4199981689453
2024-07-12,172.5
2024-07-15,169.9600067138672
2024-07-16,169.5
2024-07-17,168.4199981689453
2024-07-18,168.05999755859375
2024-07-19,166.74000549316406
2024-07-22,168.39999389648438
2024-07-23,168.10000610351562
2024-07-24,166.94000244140625
2024-07-25,166.94000244140625
2024-07-26,167.52000427246094
2024-07-29,167.05999755859375
2024-07-30,168.36000061035156
2024-07-31,169.6999969482422
2024-08-01,167.6999969482422
2024-08-02,162.25999450683594
2024-08-05,158.82000732421875
2024-08-06,158.67999267578125
2024-08-07,160.63999938964844
2024-08-08,161.05999755859375
2024-08-09,162.17999267578125
2024-08-12,162.83999633789062
2024-08-13,162.83999633789062
2024-08-14,162.83999633789062
2024-08-15,162.83999633789062
2024-08-16,167.0399932861328
2024-08-19,167.0399932861328
2024-08-20,167.9600067138672
2024-08-21,167.9600067138672
2024-08-22,170.05999755859375
2024-08-23,170.82000732421875
2024-08-26,170.55999755859375
2024-08-27,170.63999938964844
2024-08-28,171.02000427246094
2024-08-29,172.5800018310547
2024-08-30,172.5800018310547
2024-09-02,173.27999877929688
2024-09-03,171.9600067138672
2024-09-04,169.66000366210938
2024-09-05,168.47999572753906
2024-09-06,168.47999572753906
2024-09-09,168.36000061035156
2024-09-10,167.86000061035156
2024-09-11,167.47999572753906
2024-09-12,168.74000549316406
2024-09-13,170.3000030517578
2024-09-16,170.1199951171875
2024-09-17,171.25999450683594
2024-09-18,170.63999938964844
2024-09-19,173.1999969482422
2024-09-20,170.22000122070312
